,valor,porcentaje,fecha,cod_comunidad,nombre_comunidad,anio,mes,dia
0,17830.239,1,2019-01-01,8744,Ceuta,2019,1,1
1,16019.527,1,2019-02-01,8744,Ceuta,2019,2,1
2,16598.235,1,2019-03-01,8744,Ceuta,2019,3,1
3,15221.094,1,2019-04-01,8744,Ceuta,2019,4,1
4,16753.54,1,2019-05-01,8744,Ceuta,2019,5,1
5,16642.239,1,2019-06-01,8744,Ceuta,2019,6,1
6,18185.252,1,2019-07-01,8744,Ceuta,2019,7,1
7,18656.52,1,2019-08-01,8744,Ceuta,2019,8,1
8,17603.892,1,2019-09-01,8744,Ceuta,2019,9,1
9,17669.152,1,2019-10-01,8744,Ceuta,2019,10,1
10,17157.331,1,2019-11-01,8744,Ceuta,2019,11,1
11,17711.219,1,2019-12-01,8744,Ceuta,2019,12,1
12,17835.113,1,2020-01-01,8744,Ceuta,2020,1,1
13,15770.011,1,2020-02-01,8744,Ceuta,2020,2,1
14,16608.196,1,2020-03-01,8744,Ceuta,2020,3,1
15,15531.111,1,2020-04-01,8744,Ceuta,2020,4,1
16,15827.471,1,2020-05-01,8744,Ceuta,2020,5,1
17,15839.422,1,2020-06-01,8744,Ceuta,2020,6,1
18,17917.496,1,2020-07-01,8744,Ceuta,2020,7,1
19,18096.779,1,2020-08-01,8744,Ceuta,2020,8,1
20,16830.054,1,2020-09-01,8744,Ceuta,2020,9,1
21,16095.768,1,2020-10-01,8744,Ceuta,2020,10,1
22,15792.687,1,2020-11-01,8744,Ceuta,2020,11,1
23,17053.994,1,2020-12-01,8744,Ceuta,2020,12,1
24,18538.656,1,2021-01-01,8744,Ceuta,2021,1,1
25,15215.238,1,2021-02-01,8744,Ceuta,2021,2,1
26,15340.218,1,2021-03-01,8744,Ceuta,2021,3,1
27,15128.393,1,2021-04-01,8744,Ceuta,2021,4,1
28,15515.205,1,2021-05-01,8744,Ceuta,2021,5,1
29,15653.908,1,2021-06-01,8744,Ceuta,2021,6,1
30,17409.528,1,2021-07-01,8744,Ceuta,2021,7,1
31,17829.99,1,2021-08-01,8744,Ceuta,2021,8,1
32,16921.593,1,2021-09-01,8744,Ceuta,2021,9,1
33,16448.789,1,2021-10-01,8744,Ceuta,2021,10,1
34,16035.752,1,2021-11-01,8744,Ceuta,2021,11,1
35,16848.583,1,2021-12-01,8744,Ceuta,2021,12,1
36,18530.186,1,2019-01-01,8745,Melilla,2019,1,1
37,15963.18,1,2019-02-01,8745,Melilla,2019,2,1
38,16622.099,1,2019-03-01,8745,Melilla,2019,3,1
39,15384.125,1,2019-04-01,8745,Melilla,2019,4,1
40,16956.698,1,2019-05-01,8745,Melilla,2019,5,1
41,17069.632,1,2019-06-01,8745,Melilla,2019,6,1
42,19981.725,1,2019-07-01,8745,Melilla,2019,7,1
43,21285.859,1,2019-08-01,8745,Melilla,2019,8,1
44,18638.026,1,2019-09-01,8745,Melilla,2019,9,1
45,17507.116,1,2019-10-01,8745,Melilla,2019,10,1
46,16251.095,1,2019-11-01,8745,Melilla,2019,11,1
47,16714.884,1,2019-12-01,8745,Melilla,2019,12,1
48,17812.714,1,2020-01-01,8745,Melilla,2020,1,1
49,15817.3,1,2020-02-01,8745,Melilla,2020,2,1
50,15735.69,1,2020-03-01,8745,Melilla,2020,3,1
51,14737.721,1,2020-04-01,8745,Melilla,2020,4,1
52,15573.759,1,2020-05-01,8745,Melilla,2020,5,1
53,16708.38,1,2020-06-01,8745,Melilla,2020,6,1
54,21140.943,1,2020-07-01,8745,Melilla,2020,7,1
55,22335.731,1,2020-08-01,8745,Melilla,2020,8,1
56,18793.899,1,2020-09-01,8745,Melilla,2020,9,1
57,16551.482,1,2020-10-01,8745,Melilla,2020,10,1
58,15635.69,1,2020-11-01,8745,Melilla,2020,11,1
59,17166.954,1,2020-12-01,8745,Melilla,2020,12,1
60,18321.295,1,2021-01-01,8745,Melilla,2021,1,1
61,15061.0,1,2021-02-01,8745,Melilla,2021,2,1
62,16300.381,1,2021-03-01,8745,Melilla,2021,3,1
63,15293.779,1,2021-04-01,8745,Melilla,2021,4,1
64,16356.496,1,2021-05-01,8745,Melilla,2021,5,1
65,16601.305,1,2021-06-01,8745,Melilla,2021,6,1
66,19875.328,1,2021-07-01,8745,Melilla,2021,7,1
67,20335.852,1,2021-08-01,8745,Melilla,2021,8,1
68,18196.105,1,2021-09-01,8745,Melilla,2021,9,1
69,16468.922,1,2021-10-01,8745,Melilla,2021,10,1
70,15759.968,1,2021-11-01,8745,Melilla,2021,11,1
71,16807.759,1,2021-12-01,8745,Melilla,2021,12,1
72,3668893.328,1,2019-01-01,4,Andalucía,2019,1,1
73,3152278.091,1,2019-02-01,4,Andalucía,2019,2,1
74,3216356.36,1,2019-03-01,4,Andalucía,2019,3,1
75,3029639.973,1,2019-04-01,4,Andalucía,2019,4,1
76,3154123.467,1,2019-05-01,4,Andalucía,2019,5,1
77,3181997.313,1,2019-06-01,4,Andalucía,2019,6,1
78,3676269.543,1,2019-07-01,4,Andalucía,2019,7,1
79,3786647.665,1,2019-08-01,4,Andalucía,2019,8,1
80,3261926.084,1,2019-09-01,4,Andalucía,2019,9,1
81,3143205.713,1,2019-10-01,4,Andalucía,2019,10,1
82,3215694.404,1,2019-11-01,4,Andalucía,2019,11,1
83,3383670.228,1,2019-12-01,4,Andalucía,2019,12,1
84,3648510.198,1,2020-01-01,4,Andalucía,2020,1,1
85,3085375.745,1,2020-02-01,4,Andalucía,2020,2,1
86,3136155.192,1,2020-03-01,4,Andalucía,2020,3,1
87,2680249.534,1,2020-04-01,4,Andalucía,2020,4,1
88,2833738.348,1,2020-05-01,4,Andalucía,2020,5,1
89,2999931.629,1,2020-06-01,4,Andalucía,2020,6,1
90,3944796.05,1,2020-07-01,4,Andalucía,2020,7,1
91,3852523.918,1,2020-08-01,4,Andalucía,2020,8,1
92,3248747.485,1,2020-09-01,4,Andalucía,2020,9,1
93,3070190.647,1,2020-10-01,4,Andalucía,2020,10,1
94,3040312.816,1,2020-11-01,4,Andalucía,2020,11,1
95,3482080.542,1,2020-12-01,4,Andalucía,2020,12,1
96,3806960.159,1,2021-01-01,4,Andalucía,2021,1,1
97,3016830.479,1,2021-02-01,4,Andalucía,2021,2,1
98,3214203.583,1,2021-03-01,4,Andalucía,2021,3,1
99,2944784.896,1,2021-04-01,4,Andalucía,2021,4,1
100,3088142.326,1,2021-05-01,4,Andalucía,2021,5,1
101,3166035.944,1,2021-06-01,4,Andalucía,2021,6,1
102,3688723.186,1,2021-07-01,4,Andalucía,2021,7,1
103,3781782.817,1,2021-08-01,4,Andalucía,2021,8,1
104,3261936.787,1,2021-09-01,4,Andalucía,2021,9,1
105,3062789.782,1,2021-10-01,4,Andalucía,2021,10,1
106,3180304.564,1,2021-11-01,4,Andalucía,2021,11,1
107,3441074.577,1,2021-12-01,4,Andalucía,2021,12,1
108,957420.099,1,2019-01-01,5,Aragón,2019,1,1
109,859577.223,1,2019-02-01,5,Aragón,2019,2,1
110,931375.419,1,2019-03-01,5,Aragón,2019,3,1
111,861851.879,1,2019-04-01,5,Aragón,2019,4,1
112,901078.329,1,2019-05-01,5,Aragón,2019,5,1
113,887513.783,1,2019-06-01,5,Aragón,2019,6,1
114,947768.672,1,2019-07-01,5,Aragón,2019,7,1
115,918355.065,1,2019-08-01,5,Aragón,2019,8,1
116,880277.404,1,2019-09-01,5,Aragón,2019,9,1
117,883069.114,1,2019-10-01,5,Aragón,2019,10,1
118,905361.295,1,2019-11-01,5,Aragón,2019,11,1
119,875169.733,1,2019-12-01,5,Aragón,2019,12,1
120,936969.954,1,2020-01-01,5,Aragón,2020,1,1
121,847063.224,1,2020-02-01,5,Aragón,2020,2,1
122,845670.025,1,2020-03-01,5,Aragón,2020,3,1
123,715893.499,1,2020-04-01,5,Aragón,2020,4,1
124,780472.526,1,2020-05-01,5,Aragón,2020,5,1
125,800765.41,1,2020-06-01,5,Aragón,2020,6,1
126,883086.548,1,2020-07-01,5,Aragón,2020,7,1
127,884240.341,1,2020-08-01,5,Aragón,2020,8,1
128,844042.251,1,2020-09-01,5,Aragón,2020,9,1
129,848048.821,1,2020-10-01,5,Aragón,2020,10,1
130,854810.773,1,2020-11-01,5,Aragón,2020,11,1
131,873158.298,1,2020-12-01,5,Aragón,2020,12,1
132,899098.143,1,2021-01-01,5,Aragón,2021,1,1
133,806734.845,1,2021-02-01,5,Aragón,2021,2,1
134,901481.249,1,2021-03-01,5,Aragón,2021,3,1
135,835504.911,1,2021-04-01,5,Aragón,2021,4,1
136,854555.031,1,2021-05-01,5,Aragón,2021,5,1
137,881086.419,1,2021-06-01,5,Aragón,2021,6,1
138,914403.06,1,2021-07-01,5,Aragón,2021,7,1
139,890945.768,1,2021-08-01,5,Aragón,2021,8,1
140,857223.626,1,2021-09-01,5,Aragón,2021,9,1
141,842280.712,1,2021-10-01,5,Aragón,2021,10,1
142,884111.867,1,2021-11-01,5,Aragón,2021,11,1
143,895918.585,1,2021-12-01,5,Aragón,2021,12,1
144,376344.812,1,2019-01-01,6,Cantabria,2019,1,1
145,335609.363,1,2019-02-01,6,Cantabria,2019,2,1
146,363081.312,1,2019-03-01,6,Cantabria,2019,3,1
147,358214.104,1,2019-04-01,6,Cantabria,2019,4,1
148,358357.706,1,2019-05-01,6,Cantabria,2019,5,1
149,334031.262,1,2019-06-01,6,Cantabria,2019,6,1
150,349591.357,1,2019-07-01,6,Cantabria,2019,7,1
151,344327.486,1,2019-08-01,6,Cantabria,2019,8,1
152,341052.811,1,2019-09-01,6,Cantabria,2019,9,1
153,347289.235,1,2019-10-01,6,Cantabria,2019,10,1
154,356017.986,1,2019-11-01,6,Cantabria,2019,11,1
155,324383.453,1,2019-12-01,6,Cantabria,2019,12,1
156,341784.053,1,2020-01-01,6,Cantabria,2020,1,1
157,330739.792,1,2020-02-01,6,Cantabria,2020,2,1
158,356180.394,1,2020-03-01,6,Cantabria,2020,3,1
159,287372.937,1,2020-04-01,6,Cantabria,2020,4,1
160,314378.961,1,2020-05-01,6,Cantabria,2020,5,1
161,280657.543,1,2020-06-01,6,Cantabria,2020,6,1
162,319142.121,1,2020-07-01,6,Cantabria,2020,7,1
163,340134.022,1,2020-08-01,6,Cantabria,2020,8,1
164,333667.089,1,2020-09-01,6,Cantabria,2020,9,1
165,351119.216,1,2020-10-01,6,Cantabria,2020,10,1
166,344154.085,1,2020-11-01,6,Cantabria,2020,11,1
167,306515.675,1,2020-12-01,6,Cantabria,2020,12,1
168,301323.586,1,2021-01-01,6,Cantabria,2021,1,1
169,312051.981,1,2021-02-01,6,Cantabria,2021,2,1
170,354118.186,1,2021-03-01,6,Cantabria,2021,3,1
171,334415.536,1,2021-04-01,6,Cantabria,2021,4,1
172,354486.889,1,2021-05-01,6,Cantabria,2021,5,1
173,350482.439,1,2021-06-01,6,Cantabria,2021,6,1
174,345632.751,1,2021-07-01,6,Cantabria,2021,7,1
175,345589.824,1,2021-08-01,6,Cantabria,2021,8,1
176,338863.197,1,2021-09-01,6,Cantabria,2021,9,1
177,328646.412,1,2021-10-01,6,Cantabria,2021,10,1
178,336095.262,1,2021-11-01,6,Cantabria,2021,11,1
179,314925.718,1,2021-12-01,6,Cantabria,2021,12,1
180,1112346.134,1,2019-01-01,7,Castilla - La Mancha,2019,1,1
181,988724.576,1,2019-02-01,7,Castilla - La Mancha,2019,2,1
182,1039939.791,1,2019-03-01,7,Castilla - La Mancha,2019,3,1
183,931138.133,1,2019-04-01,7,Castilla - La Mancha,2019,4,1
184,975360.89,1,2019-05-01,7,Castilla - La Mancha,2019,5,1
185,1000327.159,1,2019-06-01,7,Castilla - La Mancha,2019,6,1
186,1152988.982,1,2019-07-01,7,Castilla - La Mancha,2019,7,1
187,1077388.382,1,2019-08-01,7,Castilla - La Mancha,2019,8,1
188,931369.774,1,2019-09-01,7,Castilla - La Mancha,2019,9,1
189,944877.518,1,2019-10-01,7,Castilla - La Mancha,2019,10,1
190,970712.128,1,2019-11-01,7,Castilla - La Mancha,2019,11,1
191,1010042.555,1,2019-12-01,7,Castilla - La Mancha,2019,12,1
192,1061533.843,1,2020-01-01,7,Castilla - La Mancha,2020,1,1
193,939083.828,1,2020-02-01,7,Castilla - La Mancha,2020,2,1
194,988619.577,1,2020-03-01,7,Castilla - La Mancha,2020,3,1
195,807391.746,1,2020-04-01,7,Castilla - La Mancha,2020,4,1
196,917831.634,1,2020-05-01,7,Castilla - La Mancha,2020,5,1
197,964355.873,1,2020-06-01,7,Castilla - La Mancha,2020,6,1
198,1173169.272,1,2020-07-01,7,Castilla - La Mancha,2020,7,1
199,1114481.323,1,2020-08-01,7,Castilla - La Mancha,2020,8,1
200,930478.016,1,2020-09-01,7,Castilla - La Mancha,2020,9,1
201,926029.016,1,2020-10-01,7,Castilla - La Mancha,2020,10,1
202,918647.462,1,2020-11-01,7,Castilla - La Mancha,2020,11,1
203,1018731.82,1,2020-12-01,7,Castilla - La Mancha,2020,12,1
204,1064675.945,1,2021-01-01,7,Castilla - La Mancha,2021,1,1
205,916023.561,1,2021-02-01,7,Castilla - La Mancha,2021,2,1
206,1012109.007,1,2021-03-01,7,Castilla - La Mancha,2021,3,1
207,945621.257,1,2021-04-01,7,Castilla - La Mancha,2021,4,1
208,983773.982,1,2021-05-01,7,Castilla - La Mancha,2021,5,1
209,978293.68,1,2021-06-01,7,Castilla - La Mancha,2021,6,1
210,1138124.645,1,2021-07-01,7,Castilla - La Mancha,2021,7,1
211,1111553.19,1,2021-08-01,7,Castilla - La Mancha,2021,8,1
212,942787.008,1,2021-09-01,7,Castilla - La Mancha,2021,9,1
213,889166.115,1,2021-10-01,7,Castilla - La Mancha,2021,10,1
214,988074.665,1,2021-11-01,7,Castilla - La Mancha,2021,11,1
215,1048655.126,1,2021-12-01,7,Castilla - La Mancha,2021,12,1
216,1304599.661,1,2019-01-01,8,Castilla y León,2019,1,1
217,1139791.713,1,2019-02-01,8,Castilla y León,2019,2,1
218,1205850.157,1,2019-03-01,8,Castilla y León,2019,3,1
219,1138940.089,1,2019-04-01,8,Castilla y León,2019,4,1
220,1168948.401,1,2019-05-01,8,Castilla y León,2019,5,1
221,1142368.133,1,2019-06-01,8,Castilla y León,2019,6,1
222,1245721.68,1,2019-07-01,8,Castilla y León,2019,7,1
223,1164281.486,1,2019-08-01,8,Castilla y León,2019,8,1
224,1097241.152,1,2019-09-01,8,Castilla y León,2019,9,1
225,1160622.707,1,2019-10-01,8,Castilla y León,2019,10,1
226,1207924.771,1,2019-11-01,8,Castilla y León,2019,11,1
227,1205933.214,1,2019-12-01,8,Castilla y León,2019,12,1
228,1289529.098,1,2020-01-01,8,Castilla y León,2020,1,1
229,1158160.686,1,2020-02-01,8,Castilla y León,2020,2,1
230,1127288.907,1,2020-03-01,8,Castilla y León,2020,3,1
231,903667.226,1,2020-04-01,8,Castilla y León,2020,4,1
232,975778.847,1,2020-05-01,8,Castilla y León,2020,5,1
233,1031437.936,1,2020-06-01,8,Castilla y León,2020,6,1
234,1226900.23,1,2020-07-01,8,Castilla y León,2020,7,1
235,1126916.921,1,2020-08-01,8,Castilla y León,2020,8,1
236,1084962.292,1,2020-09-01,8,Castilla y León,2020,9,1
237,1156341.074,1,2020-10-01,8,Castilla y León,2020,10,1
238,1143244.181,1,2020-11-01,8,Castilla y León,2020,11,1
239,1205269.286,1,2020-12-01,8,Castilla y León,2020,12,1
240,1267533.707,1,2021-01-01,8,Castilla y León,2021,1,1
241,1100679.804,1,2021-02-01,8,Castilla y León,2021,2,1
242,1190666.42,1,2021-03-01,8,Castilla y León,2021,3,1
243,1076771.526,1,2021-04-01,8,Castilla y León,2021,4,1
244,1107577.857,1,2021-05-01,8,Castilla y León,2021,5,1
245,1082119.836,1,2021-06-01,8,Castilla y León,2021,6,1
246,1195913.925,1,2021-07-01,8,Castilla y León,2021,7,1
247,1139478.345,1,2021-08-01,8,Castilla y León,2021,8,1
248,1061815.292,1,2021-09-01,8,Castilla y León,2021,9,1
249,1074792.045,1,2021-10-01,8,Castilla y León,2021,10,1
250,1177942.866,1,2021-11-01,8,Castilla y León,2021,11,1
251,1192721.645,1,2021-12-01,8,Castilla y León,2021,12,1
252,4346165.016,1,2019-01-01,9,Cataluña,2019,1,1
253,3805809.279,1,2019-02-01,9,Cataluña,2019,2,1
254,3885658.35,1,2019-03-01,9,Cataluña,2019,3,1
255,3641927.976,1,2019-04-01,9,Cataluña,2019,4,1
256,3724228.479,1,2019-05-01,9,Cataluña,2019,5,1
257,3773188.661,1,2019-06-01,9,Cataluña,2019,6,1
258,4446351.053,1,2019-07-01,9,Cataluña,2019,7,1
259,3978863.274,1,2019-08-01,9,Cataluña,2019,8,1
260,3832204.511,1,2019-09-01,9,Cataluña,2019,9,1
261,3819970.185,1,2019-10-01,9,Cataluña,2019,10,1
262,3912259.315,1,2019-11-01,9,Cataluña,2019,11,1
263,3858858.012,1,2019-12-01,9,Cataluña,2019,12,1
264,4180533.867,1,2020-01-01,9,Cataluña,2020,1,1
265,3739391.844,1,2020-02-01,9,Cataluña,2020,2,1
266,3655675.5,1,2020-03-01,9,Cataluña,2020,3,1
267,2974661.857,1,2020-04-01,9,Cataluña,2020,4,1
268,3196176.385,1,2020-05-01,9,Cataluña,2020,5,1
269,3394330.06,1,2020-06-01,9,Cataluña,2020,6,1
270,4124597.367,1,2020-07-01,9,Cataluña,2020,7,1
271,3825701.263,1,2020-08-01,9,Cataluña,2020,8,1
272,3636332.142,1,2020-09-01,9,Cataluña,2020,9,1
273,3685266.366,1,2020-10-01,9,Cataluña,2020,10,1
274,3661150.298,1,2020-11-01,9,Cataluña,2020,11,1
275,3983099.447,1,2020-12-01,9,Cataluña,2020,12,1
276,4205890.778,1,2021-01-01,9,Cataluña,2021,1,1
277,3567341.458,1,2021-02-01,9,Cataluña,2021,2,1
278,3853996.069,1,2021-03-01,9,Cataluña,2021,3,1
279,3484744.509,1,2021-04-01,9,Cataluña,2021,4,1
280,3492614.749,1,2021-05-01,9,Cataluña,2021,5,1
281,3674121.832,1,2021-06-01,9,Cataluña,2021,6,1
282,4078621.766,1,2021-07-01,9,Cataluña,2021,7,1
283,3663381.789,1,2021-08-01,9,Cataluña,2021,8,1
284,3695619.204,1,2021-09-01,9,Cataluña,2021,9,1
285,3493176.901,1,2021-10-01,9,Cataluña,2021,10,1
286,3714667.184,1,2021-11-01,9,Cataluña,2021,11,1
287,3796545.717,1,2021-12-01,9,Cataluña,2021,12,1
288,1566908.501,1,2019-01-01,10,País Vasco,2019,1,1
289,1349915.466,1,2019-02-01,10,País Vasco,2019,2,1
290,1438251.76,1,2019-03-01,10,País Vasco,2019,3,1
291,1324846.851,1,2019-04-01,10,País Vasco,2019,4,1
292,1412540.967,1,2019-05-01,10,País Vasco,2019,5,1
293,1320335.319,1,2019-06-01,10,País Vasco,2019,6,1
294,1321611.713,1,2019-07-01,10,País Vasco,2019,7,1
295,1067567.8,1,2019-08-01,10,País Vasco,2019,8,1
296,1313870.402,1,2019-09-01,10,País Vasco,2019,9,1
297,1401028.409,1,2019-10-01,10,País Vasco,2019,10,1
298,1440323.849,1,2019-11-01,10,País Vasco,2019,11,1
299,1327169.282,1,2019-12-01,10,País Vasco,2019,12,1
300,1464723.239,1,2020-01-01,10,País Vasco,2020,1,1
301,1370961.607,1,2020-02-01,10,País Vasco,2020,2,1
302,1354901.587,1,2020-03-01,10,País Vasco,2020,3,1
303,969319.589,1,2020-04-01,10,País Vasco,2020,4,1
304,1122317.097,1,2020-05-01,10,País Vasco,2020,5,1
305,1157223.566,1,2020-06-01,10,País Vasco,2020,6,1
306,1211455.235,1,2020-07-01,10,País Vasco,2020,7,1
307,987600.964,1,2020-08-01,10,País Vasco,2020,8,1
308,1253870.065,1,2020-09-01,10,País Vasco,2020,9,1
309,1374290.634,1,2020-10-01,10,País Vasco,2020,10,1
310,1348346.356,1,2020-11-01,10,País Vasco,2020,11,1
311,1322546.667,1,2020-12-01,10,País Vasco,2020,12,1
312,1452389.83,1,2021-01-01,10,País Vasco,2021,1,1
313,1331125.747,1,2021-02-01,10,País Vasco,2021,2,1
314,1445981.843,1,2021-03-01,10,País Vasco,2021,3,1
315,1298198.318,1,2021-04-01,10,País Vasco,2021,4,1
316,1350193.26,1,2021-05-01,10,País Vasco,2021,5,1
317,1325699.371,1,2021-06-01,10,País Vasco,2021,6,1
318,1313327.347,1,2021-07-01,10,País Vasco,2021,7,1
319,1032737.987,1,2021-08-01,10,País Vasco,2021,8,1
320,1303370.899,1,2021-09-01,10,País Vasco,2021,9,1
321,1328564.107,1,2021-10-01,10,País Vasco,2021,10,1
322,1414374.753,1,2021-11-01,10,País Vasco,2021,11,1
323,1278916.676,1,2021-12-01,10,País Vasco,2021,12,1
324,955695.747,1,2019-01-01,11,Principado de Asturias,2019,1,1
325,800857.082,1,2019-02-01,11,Principado de Asturias,2019,2,1
326,819770.82,1,2019-03-01,11,Principado de Asturias,2019,3,1
327,775652.082,1,2019-04-01,11,Principado de Asturias,2019,4,1
328,775558.988,1,2019-05-01,11,Principado de Asturias,2019,5,1
329,734051.76,1,2019-06-01,11,Principado de Asturias,2019,6,1
330,771577.431,1,2019-07-01,11,Principado de Asturias,2019,7,1
331,751690.808,1,2019-08-01,11,Principado de Asturias,2019,8,1
332,733274.883,1,2019-09-01,11,Principado de Asturias,2019,9,1
333,741662.952,1,2019-10-01,11,Principado de Asturias,2019,10,1
334,762830.407,1,2019-11-01,11,Principado de Asturias,2019,11,1
335,770472.528,1,2019-12-01,11,Principado de Asturias,2019,12,1
336,818569.533,1,2020-01-01,11,Principado de Asturias,2020,1,1
337,753713.456,1,2020-02-01,11,Principado de Asturias,2020,2,1
338,793322.507,1,2020-03-01,11,Principado de Asturias,2020,3,1
339,658828.308,1,2020-04-01,11,Principado de Asturias,2020,4,1
340,673587.975,1,2020-05-01,11,Principado de Asturias,2020,5,1
341,657386.079,1,2020-06-01,11,Principado de Asturias,2020,6,1
342,693685.822,1,2020-07-01,11,Principado de Asturias,2020,7,1
343,670393.413,1,2020-08-01,11,Principado de Asturias,2020,8,1
344,686850.454,1,2020-09-01,11,Principado de Asturias,2020,9,1
345,760044.453,1,2020-10-01,11,Principado de Asturias,2020,10,1
346,746484.147,1,2020-11-01,11,Principado de Asturias,2020,11,1
347,812041.784,1,2020-12-01,11,Principado de Asturias,2020,12,1
348,867913.759,1,2021-01-01,11,Principado de Asturias,2021,1,1
349,754268.325,1,2021-02-01,11,Principado de Asturias,2021,2,1
350,808309.756,1,2021-03-01,11,Principado de Asturias,2021,3,1
351,768077.88,1,2021-04-01,11,Principado de Asturias,2021,4,1
352,776093.729,1,2021-05-01,11,Principado de Asturias,2021,5,1
353,729077.631,1,2021-06-01,11,Principado de Asturias,2021,6,1
354,754393.956,1,2021-07-01,11,Principado de Asturias,2021,7,1
355,720273.259,1,2021-08-01,11,Principado de Asturias,2021,8,1
356,725963.978,1,2021-09-01,11,Principado de Asturias,2021,9,1
357,750755.832,1,2021-10-01,11,Principado de Asturias,2021,10,1
358,783627.844,1,2021-11-01,11,Principado de Asturias,2021,11,1
359,805235.909,1,2021-12-01,11,Principado de Asturias,2021,12,1
360,2744878.748,1,2019-01-01,13,Comunidad de Madrid,2019,1,1
361,2356460.794,1,2019-02-01,13,Comunidad de Madrid,2019,2,1
362,2350064.364,1,2019-03-01,13,Comunidad de Madrid,2019,3,1
363,2217591.032,1,2019-04-01,13,Comunidad de Madrid,2019,4,1
364,2149296.957,1,2019-05-01,13,Comunidad de Madrid,2019,5,1
365,2281728.415,1,2019-06-01,13,Comunidad de Madrid,2019,6,1
366,2651654.285,1,2019-07-01,13,Comunidad de Madrid,2019,7,1
367,2274433.692,1,2019-08-01,13,Comunidad de Madrid,2019,8,1
368,2149610.628,1,2019-09-01,13,Comunidad de Madrid,2019,9,1
369,2267264.364,1,2019-10-01,13,Comunidad de Madrid,2019,10,1
370,2467031.06,1,2019-11-01,13,Comunidad de Madrid,2019,11,1
371,2545189.886,1,2019-12-01,13,Comunidad de Madrid,2019,12,1
372,2737334.364,1,2020-01-01,13,Comunidad de Madrid,2020,1,1
373,2357438.71,1,2020-02-01,13,Comunidad de Madrid,2020,2,1
374,2268882.296,1,2020-03-01,13,Comunidad de Madrid,2020,3,1
375,1825502.09,1,2020-04-01,13,Comunidad de Madrid,2020,4,1
376,1855359.252,1,2020-05-01,13,Comunidad de Madrid,2020,5,1
377,2019611.065,1,2020-06-01,13,Comunidad de Madrid,2020,6,1
378,2525218.389,1,2020-07-01,13,Comunidad de Madrid,2020,7,1
379,2202008.892,1,2020-08-01,13,Comunidad de Madrid,2020,8,1
380,2067050.074,1,2020-09-01,13,Comunidad de Madrid,2020,9,1
381,2184994.561,1,2020-10-01,13,Comunidad de Madrid,2020,10,1
382,2296506.89,1,2020-11-01,13,Comunidad de Madrid,2020,11,1
383,2569037.905,1,2020-12-01,13,Comunidad de Madrid,2020,12,1
384,2740894.826,1,2021-01-01,13,Comunidad de Madrid,2021,1,1
385,2262499.896,1,2021-02-01,13,Comunidad de Madrid,2021,2,1
386,2378553.143,1,2021-03-01,13,Comunidad de Madrid,2021,3,1
387,2130429.496,1,2021-04-01,13,Comunidad de Madrid,2021,4,1
388,2107378.281,1,2021-05-01,13,Comunidad de Madrid,2021,5,1
389,2166515.997,1,2021-06-01,13,Comunidad de Madrid,2021,6,1
390,2347371.347,1,2021-07-01,13,Comunidad de Madrid,2021,7,1
391,2259789.28,1,2021-08-01,13,Comunidad de Madrid,2021,8,1
392,2072075.097,1,2021-09-01,13,Comunidad de Madrid,2021,9,1
393,2075335.099,1,2021-10-01,13,Comunidad de Madrid,2021,10,1
394,2386503.737,1,2021-11-01,13,Comunidad de Madrid,2021,11,1
395,2507655.755,1,2021-12-01,13,Comunidad de Madrid,2021,12,1
396,463542.521,1,2019-01-01,14,Comunidad Foral de Navarra,2019,1,1
397,412888.134,1,2019-02-01,14,Comunidad Foral de Navarra,2019,2,1
398,439192.257,1,2019-03-01,14,Comunidad Foral de Navarra,2019,3,1
399,409324.995,1,2019-04-01,14,Comunidad Foral de Navarra,2019,4,1
400,439674.461,1,2019-05-01,14,Comunidad Foral de Navarra,2019,5,1
401,431270.896,1,2019-06-01,14,Comunidad Foral de Navarra,2019,6,1
402,425913.131,1,2019-07-01,14,Comunidad Foral de Navarra,2019,7,1
403,403832.721,1,2019-08-01,14,Comunidad Foral de Navarra,2019,8,1
404,424695.647,1,2019-09-01,14,Comunidad Foral de Navarra,2019,9,1
405,448901.458,1,2019-10-01,14,Comunidad Foral de Navarra,2019,10,1
406,441644.372,1,2019-11-01,14,Comunidad Foral de Navarra,2019,11,1
407,408815.515,1,2019-12-01,14,Comunidad Foral de Navarra,2019,12,1
408,450763.969,1,2020-01-01,14,Comunidad Foral de Navarra,2020,1,1
409,422377.178,1,2020-02-01,14,Comunidad Foral de Navarra,2020,2,1
410,407204.579,1,2020-03-01,14,Comunidad Foral de Navarra,2020,3,1
411,329918.004,1,2020-04-01,14,Comunidad Foral de Navarra,2020,4,1
412,377656.588,1,2020-05-01,14,Comunidad Foral de Navarra,2020,5,1
413,387263.707,1,2020-06-01,14,Comunidad Foral de Navarra,2020,6,1
414,396242.377,1,2020-07-01,14,Comunidad Foral de Navarra,2020,7,1
415,391904.088,1,2020-08-01,14,Comunidad Foral de Navarra,2020,8,1
416,419135.926,1,2020-09-01,14,Comunidad Foral de Navarra,2020,9,1
417,423452.642,1,2020-10-01,14,Comunidad Foral de Navarra,2020,10,1
418,427189.248,1,2020-11-01,14,Comunidad Foral de Navarra,2020,11,1
419,409950.116,1,2020-12-01,14,Comunidad Foral de Navarra,2020,12,1
420,443553.286,1,2021-01-01,14,Comunidad Foral de Navarra,2021,1,1
421,410832.434,1,2021-02-01,14,Comunidad Foral de Navarra,2021,2,1
422,437964.061,1,2021-03-01,14,Comunidad Foral de Navarra,2021,3,1
423,406589.998,1,2021-04-01,14,Comunidad Foral de Navarra,2021,4,1
424,426771.793,1,2021-05-01,14,Comunidad Foral de Navarra,2021,5,1
425,422513.312,1,2021-06-01,14,Comunidad Foral de Navarra,2021,6,1
426,405159.449,1,2021-07-01,14,Comunidad Foral de Navarra,2021,7,1
427,391177.128,1,2021-08-01,14,Comunidad Foral de Navarra,2021,8,1
428,423399.212,1,2021-09-01,14,Comunidad Foral de Navarra,2021,9,1
429,414220.512,1,2021-10-01,14,Comunidad Foral de Navarra,2021,10,1
430,437375.677,1,2021-11-01,14,Comunidad Foral de Navarra,2021,11,1
431,421278.98,1,2021-12-01,14,Comunidad Foral de Navarra,2021,12,1
432,2510836.663,1,2019-01-01,15,Comunitat Valenciana,2019,1,1
433,2134019.425,1,2019-02-01,15,Comunitat Valenciana,2019,2,1
434,2164887.68,1,2019-03-01,15,Comunitat Valenciana,2019,3,1
435,2082313.392,1,2019-04-01,15,Comunitat Valenciana,2019,4,1
436,2123696.885,1,2019-05-01,15,Comunitat Valenciana,2019,5,1
437,2173952.957,1,2019-06-01,15,Comunitat Valenciana,2019,6,1
438,2732096.081,1,2019-07-01,15,Comunitat Valenciana,2019,7,1
439,2443273.028,1,2019-08-01,15,Comunitat Valenciana,2019,8,1
440,2226532.905,1,2019-09-01,15,Comunitat Valenciana,2019,9,1
441,2186210.866,1,2019-10-01,15,Comunitat Valenciana,2019,10,1
442,2209449.199,1,2019-11-01,15,Comunitat Valenciana,2019,11,1
443,2222962.963,1,2019-12-01,15,Comunitat Valenciana,2019,12,1
444,2508069.037,1,2020-01-01,15,Comunitat Valenciana,2020,1,1
445,2121198.841,1,2020-02-01,15,Comunitat Valenciana,2020,2,1
446,2101279.181,1,2020-03-01,15,Comunitat Valenciana,2020,3,1
447,1658367.752,1,2020-04-01,15,Comunitat Valenciana,2020,4,1
448,1827469.331,1,2020-05-01,15,Comunitat Valenciana,2020,5,1
449,1973106.075,1,2020-06-01,15,Comunitat Valenciana,2020,6,1
450,2517075.658,1,2020-07-01,15,Comunitat Valenciana,2020,7,1
451,2431482.847,1,2020-08-01,15,Comunitat Valenciana,2020,8,1
452,2160161.801,1,2020-09-01,15,Comunitat Valenciana,2020,9,1
453,2092023.643,1,2020-10-01,15,Comunitat Valenciana,2020,10,1
454,2119833.626,1,2020-11-01,15,Comunitat Valenciana,2020,11,1
455,2351728.827,1,2020-12-01,15,Comunitat Valenciana,2020,12,1
456,2541784.95,1,2021-01-01,15,Comunitat Valenciana,2021,1,1
457,2020604.117,1,2021-02-01,15,Comunitat Valenciana,2021,2,1
458,2252014.427,1,2021-03-01,15,Comunitat Valenciana,2021,3,1
459,2051278.824,1,2021-04-01,15,Comunitat Valenciana,2021,4,1
460,2055062.999,1,2021-05-01,15,Comunitat Valenciana,2021,5,1
461,2166490.181,1,2021-06-01,15,Comunitat Valenciana,2021,6,1
462,2560090.745,1,2021-07-01,15,Comunitat Valenciana,2021,7,1
463,2405188.279,1,2021-08-01,15,Comunitat Valenciana,2021,8,1
464,2264075.528,1,2021-09-01,15,Comunitat Valenciana,2021,9,1
465,2082354.219,1,2021-10-01,15,Comunitat Valenciana,2021,10,1
466,2207275.169,1,2021-11-01,15,Comunitat Valenciana,2021,11,1
467,2263430.835,1,2021-12-01,15,Comunitat Valenciana,2021,12,1
468,457953.307,1,2019-01-01,16,Extremadura,2019,1,1
469,394740.895,1,2019-02-01,16,Extremadura,2019,2,1
470,388246.938,1,2019-03-01,16,Extremadura,2019,3,1
471,392573.28,1,2019-04-01,16,Extremadura,2019,4,1
472,371863.619,1,2019-05-01,16,Extremadura,2019,5,1
473,390596.367,1,2019-06-01,16,Extremadura,2019,6,1
474,431889.831,1,2019-07-01,16,Extremadura,2019,7,1
475,482287.397,1,2019-08-01,16,Extremadura,2019,8,1
476,429437.981,1,2019-09-01,16,Extremadura,2019,9,1
477,394986.126,1,2019-10-01,16,Extremadura,2019,10,1
478,414780.995,1,2019-11-01,16,Extremadura,2019,11,1
479,416962.301,1,2019-12-01,16,Extremadura,2019,12,1
480,458471.77,1,2020-01-01,16,Extremadura,2020,1,1
481,389007.747,1,2020-02-01,16,Extremadura,2020,2,1
482,394485.672,1,2020-03-01,16,Extremadura,2020,3,1
483,337487.516,1,2020-04-01,16,Extremadura,2020,4,1
484,347169.665,1,2020-05-01,16,Extremadura,2020,5,1
485,385510.529,1,2020-06-01,16,Extremadura,2020,6,1
486,497827.803,1,2020-07-01,16,Extremadura,2020,7,1
487,489402.967,1,2020-08-01,16,Extremadura,2020,8,1
488,422010.656,1,2020-09-01,16,Extremadura,2020,9,1
489,396197.376,1,2020-10-01,16,Extremadura,2020,10,1
490,405048.58,1,2020-11-01,16,Extremadura,2020,11,1
491,428972.183,1,2020-12-01,16,Extremadura,2020,12,1
492,487003.673,1,2021-01-01,16,Extremadura,2021,1,1
493,395298.669,1,2021-02-01,16,Extremadura,2021,2,1
494,425492.436,1,2021-03-01,16,Extremadura,2021,3,1
495,376617.189,1,2021-04-01,16,Extremadura,2021,4,1
496,383981.298,1,2021-05-01,16,Extremadura,2021,5,1
497,405586.42,1,2021-06-01,16,Extremadura,2021,6,1
498,423714.488,1,2021-07-01,16,Extremadura,2021,7,1
499,509621.441,1,2021-08-01,16,Extremadura,2021,8,1
500,414550.084,1,2021-09-01,16,Extremadura,2021,9,1
501,382150.628,1,2021-10-01,16,Extremadura,2021,10,1
502,421384.241,1,2021-11-01,16,Extremadura,2021,11,1
503,429876.923,1,2021-12-01,16,Extremadura,2021,12,1
504,1831829.718,1,2019-01-01,17,Galicia,2019,1,1
505,1563729.72,1,2019-02-01,17,Galicia,2019,2,1
506,1570501.303,1,2019-03-01,17,Galicia,2019,3,1
507,1498887.102,1,2019-04-01,17,Galicia,2019,4,1
508,1455568.887,1,2019-05-01,17,Galicia,2019,5,1
509,1403979.936,1,2019-06-01,17,Galicia,2019,6,1
510,1459713.949,1,2019-07-01,17,Galicia,2019,7,1
511,1458252.716,1,2019-08-01,17,Galicia,2019,8,1
512,1437838.622,1,2019-09-01,17,Galicia,2019,9,1
513,1518709.899,1,2019-10-01,17,Galicia,2019,10,1
514,1611162.935,1,2019-11-01,17,Galicia,2019,11,1
515,1639128.236,1,2019-12-01,17,Galicia,2019,12,1
516,1697792.905,1,2020-01-01,17,Galicia,2020,1,1
517,1475967.306,1,2020-02-01,17,Galicia,2020,2,1
518,1493138.351,1,2020-03-01,17,Galicia,2020,3,1
519,1268982.914,1,2020-04-01,17,Galicia,2020,4,1
520,1327958.665,1,2020-05-01,17,Galicia,2020,5,1
521,1438593.814,1,2020-06-01,17,Galicia,2020,6,1
522,1380397.914,1,2020-07-01,17,Galicia,2020,7,1
523,1390800.24,1,2020-08-01,17,Galicia,2020,8,1
524,1375753.284,1,2020-09-01,17,Galicia,2020,9,1
525,1471636.389,1,2020-10-01,17,Galicia,2020,10,1
526,1491474.968,1,2020-11-01,17,Galicia,2020,11,1
527,1600592.994,1,2020-12-01,17,Galicia,2020,12,1
528,1694495.593,1,2021-01-01,17,Galicia,2021,1,1
529,1484968.544,1,2021-02-01,17,Galicia,2021,2,1
530,1564011.296,1,2021-03-01,17,Galicia,2021,3,1
531,1426069.727,1,2021-04-01,17,Galicia,2021,4,1
532,1454054.616,1,2021-05-01,17,Galicia,2021,5,1
533,1365134.11,1,2021-06-01,17,Galicia,2021,6,1
534,1369843.94,1,2021-07-01,17,Galicia,2021,7,1
535,1377124.299,1,2021-08-01,17,Galicia,2021,8,1
536,1381155.204,1,2021-09-01,17,Galicia,2021,9,1
537,1418232.566,1,2021-10-01,17,Galicia,2021,10,1
538,1493168.54,1,2021-11-01,17,Galicia,2021,11,1
539,1521980.401,1,2021-12-01,17,Galicia,2021,12,1
540,477795.703,1,2019-01-01,8743,Illes Balears,2019,1,1
541,415344.403,1,2019-02-01,8743,Illes Balears,2019,2,1
542,436816.193,1,2019-03-01,8743,Illes Balears,2019,3,1
543,446407.913,1,2019-04-01,8743,Illes Balears,2019,4,1
544,477010.374,1,2019-05-01,8743,Illes Balears,2019,5,1
545,539722.271,1,2019-06-01,8743,Illes Balears,2019,6,1
546,719464.877,1,2019-07-01,8743,Illes Balears,2019,7,1
547,705099.073,1,2019-08-01,8743,Illes Balears,2019,8,1
548,572623.989,1,2019-09-01,8743,Illes Balears,2019,9,1
549,490426.996,1,2019-10-01,8743,Illes Balears,2019,10,1
550,412701.696,1,2019-11-01,8743,Illes Balears,2019,11,1
551,421812.285,1,2019-12-01,8743,Illes Balears,2019,12,1
552,456464.05,1,2020-01-01,8743,Illes Balears,2020,1,1
553,403435.857,1,2020-02-01,8743,Illes Balears,2020,2,1
554,403832.751,1,2020-03-01,8743,Illes Balears,2020,3,1
555,321712.013,1,2020-04-01,8743,Illes Balears,2020,4,1
556,327175.074,1,2020-05-01,8743,Illes Balears,2020,5,1
557,360864.887,1,2020-06-01,8743,Illes Balears,2020,6,1
558,528918.585,1,2020-07-01,8743,Illes Balears,2020,7,1
559,566318.86,1,2020-08-01,8743,Illes Balears,2020,8,1
560,403465.241,1,2020-09-01,8743,Illes Balears,2020,9,1
561,368113.495,1,2020-10-01,8743,Illes Balears,2020,10,1
562,364441.335,1,2020-11-01,8743,Illes Balears,2020,11,1
563,436982.595,1,2020-12-01,8743,Illes Balears,2020,12,1
564,470923.625,1,2021-01-01,8743,Illes Balears,2021,1,1
565,361715.977,1,2021-02-01,8743,Illes Balears,2021,2,1
566,410107.525,1,2021-03-01,8743,Illes Balears,2021,3,1
567,378811.138,1,2021-04-01,8743,Illes Balears,2021,4,1
568,380442.847,1,2021-05-01,8743,Illes Balears,2021,5,1
569,459727.74,1,2021-06-01,8743,Illes Balears,2021,6,1
570,601270.435,1,2021-07-01,8743,Illes Balears,2021,7,1
571,632604.942,1,2021-08-01,8743,Illes Balears,2021,8,1
572,544052.918,1,2021-09-01,8743,Illes Balears,2021,9,1
573,444700.654,1,2021-10-01,8743,Illes Balears,2021,10,1
574,408606.143,1,2021-11-01,8743,Illes Balears,2021,11,1
575,435319.025,1,2021-12-01,8743,Illes Balears,2021,12,1
576,755349.344,1,2019-01-01,8742,Canarias,2019,1,1
577,678572.401,1,2019-02-01,8742,Canarias,2019,2,1
578,738613.341,1,2019-03-01,8742,Canarias,2019,3,1
579,701144.535,1,2019-04-01,8742,Canarias,2019,4,1
580,724435.551,1,2019-05-01,8742,Canarias,2019,5,1
581,714689.013,1,2019-06-01,8742,Canarias,2019,6,1
582,765155.245,1,2019-07-01,8742,Canarias,2019,7,1
583,788634.096,1,2019-08-01,8742,Canarias,2019,8,1
584,752661.657,1,2019-09-01,8742,Canarias,2019,9,1
585,773780.358,1,2019-10-01,8742,Canarias,2019,10,1
586,734424.275,1,2019-11-01,8742,Canarias,2019,11,1
587,747518.318,1,2019-12-01,8742,Canarias,2019,12,1
588,756953.464,1,2020-01-01,8742,Canarias,2020,1,1
589,705861.132,1,2020-02-01,8742,Canarias,2020,2,1
590,682194.297,1,2020-03-01,8742,Canarias,2020,3,1
591,548481.932,1,2020-04-01,8742,Canarias,2020,4,1
592,581117.603,1,2020-05-01,8742,Canarias,2020,5,1
593,602698.837,1,2020-06-01,8742,Canarias,2020,6,1
594,679184.288,1,2020-07-01,8742,Canarias,2020,7,1
595,712516.545,1,2020-08-01,8742,Canarias,2020,8,1
596,684875.592,1,2020-09-01,8742,Canarias,2020,9,1
597,674860.239,1,2020-10-01,8742,Canarias,2020,10,1
598,652336.766,1,2020-11-01,8742,Canarias,2020,11,1
599,665587.715,1,2020-12-01,8742,Canarias,2020,12,1
600,648143.584,1,2021-01-01,8742,Canarias,2021,1,1
601,576433.134,1,2021-02-01,8742,Canarias,2021,2,1
602,640601.157,1,2021-03-01,8742,Canarias,2021,3,1
603,615594.768,1,2021-04-01,8742,Canarias,2021,4,1
604,638221.977,1,2021-05-01,8742,Canarias,2021,5,1
605,637990.222,1,2021-06-01,8742,Canarias,2021,6,1
606,702057.86,1,2021-07-01,8742,Canarias,2021,7,1
607,728446.23,1,2021-08-01,8742,Canarias,2021,8,1
608,724325.74,1,2021-09-01,8742,Canarias,2021,9,1
609,734306.806,1,2021-10-01,8742,Canarias,2021,10,1
610,703556.805,1,2021-11-01,8742,Canarias,2021,11,1
611,719893.229,1,2021-12-01,8742,Canarias,2021,12,1
612,841665.36,1,2019-01-01,21,Región de Murcia,2019,1,1
613,722984.391,1,2019-02-01,21,Región de Murcia,2019,2,1
614,769206.22,1,2019-03-01,21,Región de Murcia,2019,3,1
615,717397.568,1,2019-04-01,21,Región de Murcia,2019,4,1
616,753933.437,1,2019-05-01,21,Región de Murcia,2019,5,1
617,781848.129,1,2019-06-01,21,Región de Murcia,2019,6,1
618,934973.704,1,2019-07-01,21,Región de Murcia,2019,7,1
619,891511.529,1,2019-08-01,21,Región de Murcia,2019,8,1
620,740195.578,1,2019-09-01,21,Región de Murcia,2019,9,1
621,748991.037,1,2019-10-01,21,Región de Murcia,2019,10,1
622,756543.658,1,2019-11-01,21,Región de Murcia,2019,11,1
623,777171.494,1,2019-12-01,21,Región de Murcia,2019,12,1
624,826921.959,1,2020-01-01,21,Región de Murcia,2020,1,1
625,710409.485,1,2020-02-01,21,Región de Murcia,2020,2,1
626,748455.972,1,2020-03-01,21,Región de Murcia,2020,3,1
627,630962.979,1,2020-04-01,21,Región de Murcia,2020,4,1
628,700712.044,1,2020-05-01,21,Región de Murcia,2020,5,1
629,751296.944,1,2020-06-01,21,Región de Murcia,2020,6,1
630,909611.101,1,2020-07-01,21,Región de Murcia,2020,7,1
631,904273.955,1,2020-08-01,21,Región de Murcia,2020,8,1
632,773862.263,1,2020-09-01,21,Región de Murcia,2020,9,1
633,737168.266,1,2020-10-01,21,Región de Murcia,2020,10,1
634,714052.423,1,2020-11-01,21,Región de Murcia,2020,11,1
635,796790.727,1,2020-12-01,21,Región de Murcia,2020,12,1
636,833740.735,1,2021-01-01,21,Región de Murcia,2021,1,1
637,704966.713,1,2021-02-01,21,Región de Murcia,2021,2,1
638,757147.666,1,2021-03-01,21,Región de Murcia,2021,3,1
639,706783.625,1,2021-04-01,21,Región de Murcia,2021,4,1
640,730774.566,1,2021-05-01,21,Región de Murcia,2021,5,1
641,757175.204,1,2021-06-01,21,Región de Murcia,2021,6,1
642,905457.514,1,2021-07-01,21,Región de Murcia,2021,7,1
643,901082.855,1,2021-08-01,21,Región de Murcia,2021,8,1
644,793300.95,1,2021-09-01,21,Región de Murcia,2021,9,1
645,707168.96,1,2021-10-01,21,Región de Murcia,2021,10,1
646,723781.406,1,2021-11-01,21,Región de Murcia,2021,11,1
647,781601.118,1,2021-12-01,21,Región de Murcia,2021,12,1
648,157569.432,1,2019-01-01,20,La Rioja,2019,1,1
649,137243.524,1,2019-02-01,20,La Rioja,2019,2,1
650,144513.078,1,2019-03-01,20,La Rioja,2019,3,1
651,133753.57,1,2019-04-01,20,La Rioja,2019,4,1
652,134904.534,1,2019-05-01,20,La Rioja,2019,5,1
653,133645.37,1,2019-06-01,20,La Rioja,2019,6,1
654,153082.682,1,2019-07-01,20,La Rioja,2019,7,1
655,134540.513,1,2019-08-01,20,La Rioja,2019,8,1
656,136656.05,1,2019-09-01,20,La Rioja,2019,9,1
657,148673.966,1,2019-10-01,20,La Rioja,2019,10,1
658,145490.168,1,2019-11-01,20,La Rioja,2019,11,1
659,141234.636,1,2019-12-01,20,La Rioja,2019,12,1
660,155709.587,1,2020-01-01,20,La Rioja,2020,1,1
661,139196.214,1,2020-02-01,20,La Rioja,2020,2,1
662,137102.562,1,2020-03-01,20,La Rioja,2020,3,1
663,111843.378,1,2020-04-01,20,La Rioja,2020,4,1
664,117782.567,1,2020-05-01,20,La Rioja,2020,5,1
665,121000.367,1,2020-06-01,20,La Rioja,2020,6,1
666,144053.936,1,2020-07-01,20,La Rioja,2020,7,1
667,133978.303,1,2020-08-01,20,La Rioja,2020,8,1
668,137621.254,1,2020-09-01,20,La Rioja,2020,9,1
669,141061.124,1,2020-10-01,20,La Rioja,2020,10,1
670,139104.195,1,2020-11-01,20,La Rioja,2020,11,1
671,141654.074,1,2020-12-01,20,La Rioja,2020,12,1
672,146298.76,1,2021-01-01,20,La Rioja,2021,1,1
673,129503.338,1,2021-02-01,20,La Rioja,2021,2,1
674,144652.408,1,2021-03-01,20,La Rioja,2021,3,1
675,129506.033,1,2021-04-01,20,La Rioja,2021,4,1
676,130651.022,1,2021-05-01,20,La Rioja,2021,5,1
677,128050.949,1,2021-06-01,20,La Rioja,2021,6,1
678,140864.511,1,2021-07-01,20,La Rioja,2021,7,1
679,130850.035,1,2021-08-01,20,La Rioja,2021,8,1
680,133323.629,1,2021-09-01,20,La Rioja,2021,9,1
681,135918.94,1,2021-10-01,20,La Rioja,2021,10,1
682,140846.25,1,2021-11-01,20,La Rioja,2021,11,1
683,141258.077,1,2021-12-01,20,La Rioja,2021,12,1
